1	uc001agg.4
1	uc001agk.4
1	uc057bgi.1
2	uc001alc.5
2	uc057brh.1
2	uc057bri.1
3	uc001ccu.1
3	uc001ccv.4
3	uc057ezq.1
4	uc001cob.4
4	uc057fzw.1
4	uc057fzx.1
5	uc001dap.6
5	uc001daq.6
5	uc284mpz.1
6	uc001ecd.4
6	uc001ece.4
6	uc057jkm.1
7	uc001etc.4
7	uc003ngx.5
7	uc003ngz.5
7	uc003njv.4
7	uc063miy.1
8	uc001fgt.3
8	uc001fgw.3
8	uc001fgx.3
9	uc001flp.4
9	uc057lrk.1
9	uc057lta.1
10	uc001hsi.4
10	uc057qct.1
10	uc057qdn.1
11	uc001jvm.2
11	uc057uec.1
11	uc057uef.1
11	uc057ueh.1
12	uc001jxm.4
12	uc057uil.1
12	uc057uim.1
13	uc001lqb.4
13	uc001lqc.4
13	uc031ynr.3
14	uc001nuj.5
14	uc058cks.1
14	uc058cku.1
15	uc001nwj.4
15	uc001nwk.4
15	uc001nwm.4
16	uc001pbl.4
16	uc001pbm.4
16	uc058gex.1
17	uc001pyw.4
17	uc010rzw.3
17	uc010rzx.3
18	uc001qds.4
18	uc021qry.2
18	uc058izm.1
19	uc001qkf.3
19	uc001qkg.3
19	uc001qkk.3
20	uc001sbn.4
20	uc001sbo.2
20	uc001sbp.4
21	uc001sui.6
21	uc058qrm.1
21	uc058qrn.1
21	uc058qrt.1
22	uc001udm.5
22	uc010taj.3
22	uc021rfq.2
23	uc001vib.5
23	uc010aeg.4
23	uc058xio.1
24	uc001yda.2
24	uc001ydc.5
24	uc032bts.1
25	uc001yhh.2
25	uc059fdg.1
25	uc059fdl.1
26	uc001zjl.4
26	uc001zjm.4
26	uc059hko.1
27	uc002aeo.4
27	uc031qsg.2
27	uc059jpw.1
28	uc002asu.5
28	uc002asx.5
28	uc059kwu.1
29	uc002bdv.5
29	uc059met.1
29	uc059meu.1
30	uc002dcv.4
30	uc032enh.3
30	uc059yyt.1
31	uc002dqh.3
31	uc002dqi.4
31	uc059tcc.1
32	uc002hkx.3
32	uc032gce.2
32	uc060mpu.1
33	uc002hoc.4
33	uc002hod.4|uc284ouj.1
33	uc010wde.3
34	uc002hqd.4
34	uc284ovy.1
34	uc284owa.1
35	uc002iks.3
35	uc060mhy.1
35	uc284pgs.1
36	uc002joh.4
36	uc002joi.4
36	uc060jzh.1
36	uc060jzl.1
37	uc002kly.5
37	uc002kmb.4
37	uc060myf.1
37	uc060myh.1
38	uc002lfw.5
38	uc002lfy.3
38	uc002lfz.3
38	uc010dph.2
38	uc010dpi.4
38	uc010xdu.2|uc010xdw.2
38	uc010xdv.2
38	uc060pip.1
39	uc002mpp.4
39	uc060tks.1
39	uc060tla.1
40	uc002noo.3
40	uc060wdu.1
40	uc060wdv.1
41	uc002prq.2
41	uc002prr.2|uc061bpe.1
41	uc061bpd.1
42	uc002qnd.4
42	uc061dgc.1
42	uc061dgd.1
43	uc002uiq.4
43	uc061pum.1
43	uc061pun.1
43	uc061pur.1
44	uc002urb.5
44	uc061qpo.1
44	uc061qpp.1
45	uc002urk.5
45	uc061qpw.1
45	uc061qqc.1
46	uc002wbm.5|uc002wbp.5
46	uc010zov.3
46	uc061urd.1
46	uc061ure.1
47	uc002zbo.4
47	uc002zcd.4
47	uc062alq.1
48	uc003bkg.4
48	uc062fkc.1
48	uc062fkf.1
49	uc003che.4
49	uc062idu.1
49	uc062idz.1
49	uc062iea.1
50	uc003ctk.3
50	uc062jhy.1
50	uc062jhz.1
51	uc003dlt.6
51	uc003dlu.6
51	uc062lep.1
52	uc003dto.5
52	uc010hpg.5
52	uc062lyi.1
53	uc003eei.6
53	uc010hrc.5
53	uc062myp.1
54	uc003emn.5
54	uc062nrg.1
54	uc062nrh.1
55	uc003fnq.4
55	uc003fnr.4
55	uc003fnx.4
56	uc003fth.4
56	uc003fti.3
56	uc003ftm.4
57	uc003htv.5
57	uc003htw.5
57	uc062yhz.1
58	uc003hwp.5
58	uc003tja.3
58	uc063hso.1
59	uc003jpc.4
59	uc003jpd.4
59	uc063dnt.1
60	uc003jyf.4
60	uc063eip.1
60	uc063lbs.1
61	uc003kxs.2
61	uc003kxu.3
61	uc063gwp.1
62	uc003kyg.4
62	uc003kyh.4
62	uc063gyc.1
63	uc003ngm.4|uc063mgg.1
63	uc058lms.1
63	uc284pyd.1
64	uc003nno.5
64	uc063mom.1
64	uc063uyk.1
65	uc003nsr.4|uc011imd.3
65	uc032yjx.2
65	uc063vgf.1
65	uc063wma.1
66	uc003nth.3
66	uc011gwy.3
66	uc011hpp.3
67	uc003nvg.5|uc011jkz.3
67	uc011fff.2
67	uc011ffi.3
68	uc003ovc.3
68	uc063orx.1
68	uc063osb.1
69	uc003pkr.4
69	uc003pks.4
69	uc011dzg.3
70	uc003qed.5|uc063rmi.1
70	uc003qee.5
70	uc011ecq.3
71	uc003uwb.4
71	uc064ggu.1
71	uc064ghe.1
72	uc003vgx.3
72	uc003vhb.4
72	uc284qaq.1
73	uc003wwk.2
73	uc003wwm.3
73	uc011kxx.2
74	uc003ycq.5
74	uc003ycr.5
74	uc003ycs.5
74	uc003yct.5
75	uc003ynk.5
75	uc003ynn.5
75	uc010mct.4
76	uc004cdj.5
76	uc011mdb.4
76	uc064wuz.1
77	uc004erv.4
77	uc065awt.1
77	uc065awu.1
78	uc004fqr.2
78	uc004frw.5
78	uc033feq.1
79	uc004fwk.4
79	uc065cvx.1
79	uc065cwa.1
80	uc010ahp.3
80	uc010ahr.3
80	uc021rnt.3
81	uc010dav.4
81	uc060gjw.1
81	uc060mie.1|uc060mik.1
81	uc060min.1
82	uc010hbt.3
82	uc010hbu.3
82	uc011ask.3
82	uc011asl.3
82	uc062gcb.1
83	uc010jti.4
83	uc011ggi.3
83	uc011isk.4
84	uc010kbp.4
84	uc063pvr.1
84	uc063pvs.1
85	uc010mvq.1
85	uc010mvu.2
85	uc010mvv.1
86	uc010qhr.4
86	uc057thu.1
86	uc057thv.1
86	uc057tif.1
86	uc057tih.1
87	uc010qhw.1
87	uc057tim.1
87	uc057tin.1
87	uc057tir.1
88	uc010twl.3
88	uc059ekx.1
88	uc059els.1|uc059emb.1
89	uc010vko.3
89	uc059wcv.1
89	uc059wdc.1
90	uc010zbq.3
90	uc061omg.1
90	uc061omh.1
91	uc011bmq.4|uc062ohd.1
91	uc062ohg.1
91	uc062ohh.1
92	uc011efg.3
92	uc011efh.3
92	uc032xps.2
93	uc011ehz.3
93	uc011etw.3
93	uc011jcb.2|uc063mne.1|uc063tck.1|uc063xct.1|uc063znz.1
94	uc011eid.3|uc011eub.3|uc011gos.3|uc011hic.3
94	uc011eii.3
94	uc011euf.2
95	uc011eix.3
95	uc011eiz.3|uc011gpo.3
95	uc011ftj.3
95	uc011hit.3
95	uc063tcw.1
95	uc063xdh.1
95	uc063xdi.1
96	uc011ela.3|uc011fwg.3
96	uc011exu.3
96	uc063vaz.1
97	uc011epn.2|uc011hxs.2|uc011iux.2
97	uc063upf.1
97	uc063xzq.1
97	uc064ajk.1
98	uc011epp.3
98	uc063npk.1|uc063zfg.1|uc064ajq.1
98	uc064ajp.1
99	uc011ern.2
99	uc063tog.1
99	uc063toh.1
100	uc011exa.3
100	uc063tek.1
100	uc063uzv.1
101	uc011ezz.3|uc011fyl.3
101	uc011gus.3
101	uc063tyx.1
102	uc011fdi.3
102	uc011fdj.3|uc011gbe.3|uc011gxp.3
102	uc063thw.1
102	uc063thy.1
103	uc011gdz.2
103	uc063ugw.1|uc063vmh.1
103	uc063ugy.1|uc063vmj.1
104	uc011gja.3
104	uc011jpx.3
104	uc063zej.1
105	uc011gje.3
105	uc063noy.1
105	uc063tmk.1|uc063wvm.1
106	uc011gle.2
106	uc011iax.2
106	uc063tpm.1
106	uc063vxx.1
107	uc011hei.4
107	uc011iwu.2
107	uc011jsb.2
107	uc063uqn.1
107	uc063wxi.1|uc064aku.1
108	uc011hfs.3
108	uc021zqo.2
108	uc063ntg.1
109	uc011hik.3
109	uc011ifh.3|uc011jcr.3
109	uc011jcl.3
110	uc011hng.2
110	uc063mvg.1
110	uc063mwd.1
110	uc063mwl.1
110	uc063thf.1|uc063thl.1
110	uc063ver.1|uc063xjn.1
110	uc063vev.1
111	uc011iab.2
111	uc063toj.1
111	uc063uri.1
112	uc011iug.3
112	uc063vtu.1
112	uc063xyf.1
112	uc063xyj.1
112	uc063zec.1
113	uc011jsa.4
113	uc063zgj.1
113	uc063zgl.1
114	uc021zoh.2|uc063utf.1
114	uc063yed.1
114	uc064ant.1
115	uc031pyh.2
115	uc031pyi.2
115	uc057ybi.1
116	uc031sdj.1
116	uc062vcs.1
116	uc062vdb.1
117	uc031svj.2
117	uc063xqt.1
117	uc064aam.1
118	uc031tmg.1
118	uc031tmj.2
118	uc057bhx.1
119	uc031yfj.2
119	uc058hjp.1
119	uc058hjs.1
120	uc032fbj.2
120	uc032fgg.2
120	uc060elm.1
120	uc060elq.1
120	uc060mmp.1
121	uc032icr.2
121	uc032jdo.1
121	uc061coe.1
122	uc032idk.1
122	uc032ind.2
122	uc032kae.2
123	uc032ikj.2|uc032jgl.2
123	uc061clz.1
123	uc061cmd.1
123	uc061ecx.1|uc061efk.1
124	uc032ilk.2|uc032isx.2
124	uc032jdk.2|uc032jle.2
124	uc061cny.1
124	uc061coa.1
124	uc061dye.1
125	uc032iqv.2|uc032jfk.2
125	uc032iqw.2
125	uc061ene.1
126	uc032iyo.1
126	uc061cmx.1
126	uc061fhd.1
126	uc061fhi.1
127	uc032jcl.2
127	uc032mmq.2
127	uc032mmt.2
127	uc061fgj.1
128	uc032jqe.2
128	uc032moz.2
128	uc061cos.1
128	uc061eih.1
128	uc061eik.1
128	uc061enp.1
128	uc061fiz.1
129	uc032lkr.2
129	uc032lqu.2
129	uc032lxe.2
129	uc032lzo.1
130	uc033ark.2
130	uc064iri.1
130	uc064jul.1
131	uc033cfe.2
131	uc064rsg.1
131	uc284qnq.1
132	uc057bec.1
132	uc057beg.1
132	uc057bei.1
133	uc057dpz.1
133	uc057dqc.1
133	uc057dqe.1
134	uc057jhs.1
134	uc057jhu.1
134	uc057jhx.1
135	uc057rlj.1
135	uc057rlm.1
135	uc057rma.1
136	uc057xmg.1
136	uc057xmm.1
136	uc057xmr.1
137	uc058pcp.1
137	uc058pdf.1
137	uc058pdq.1
138	uc058xms.1
138	uc058xne.1
138	uc058xnf.1
139	uc059ivy.1
139	uc061hqq.1|uc063dfl.1|uc064qdf.1
139	uc061rfh.1
139	uc061zwq.1
139	uc064qeo.1
140	uc059llp.1
140	uc059llx.1
140	uc059llz.1
140	uc059lma.1
141	uc059qfs.1
141	uc059qft.1
141	uc059qfy.1
142	uc059zkz.1
142	uc059zlb.1
142	uc059zld.1
143	uc060cgv.1
143	uc060chb.1
143	uc060chd.1
144	uc060fdt.1
144	uc060feb.1
144	uc060fec.1
145	uc060kmi.1
145	uc060kmj.1
145	uc060kmm.1
146	uc060qvn.1
146	uc060qvp.1
146	uc060qvr.1
147	uc060qxt.1
147	uc060qyj.1
147	uc060qyk.1
148	uc060xdl.1
148	uc060xdz.1
148	uc060xec.1
149	uc061axs.1
149	uc061axt.1
149	uc061axu.1
150	uc061kbg.1
150	uc061kbr.1
150	uc061kck.1
151	uc061nlo.1
151	uc061nlp.1
151	uc061nlq.1
152	uc062acd.1
152	uc062ace.1
152	uc062ach.1
153	uc062rvr.1
153	uc062rvs.1
153	uc062tfr.1
154	uc062sli.1|uc062smp.1|uc062sms.1
154	uc062tmg.1
154	uc062tmv.1
154	uc062top.1
155	uc062tav.1
155	uc062tca.1
155	uc062tcc.1
156	uc063nea.1|uc063zzu.1
156	uc063ufd.1|uc063xpp.1
156	uc063uff.1|uc063vko.1
156	uc063vks.1
156	uc063wra.1
157	uc063nkf.1
157	uc063zbs.1
157	uc063zbt.1
158	uc063nld.1|uc064agm.1
158	uc063nlo.1|uc063xxc.1|uc064agt.1
158	uc063umm.1
158	uc063zdb.1
159	uc063nnf.1
159	uc063vtc.1
159	uc063vtp.1
160	uc063toc.1
160	uc064aln.1
160	uc064alo.1
161	uc063tya.1|uc063vdy.1
161	uc063vec.1
161	uc063wjv.1
161	uc063zuo.1
162	uc063uid.1
162	uc063vni.1
162	uc063yzd.1
162	uc064aco.1
162	uc064acp.1
163	uc063xxi.1
163	uc063xxk.1
163	uc063zdf.1
164	uc064mno.1
164	uc064mnv.1
164	uc064mnx.1
165	uc064rby.1
165	uc064rca.1
165	uc284qnx.1
166	uc284pcj.1
166	uc284pck.1
166	uc284pcl.1
